label,recall,precision
human,0.0006648936170212766,1.0
human,0.0013297872340425532,1.0
human,0.0019946808510638296,1.0
human,0.0026595744680851063,1.0
human,0.003324468085106383,1.0
human,0.003989361702127659,1.0
human,0.004654255319148936,1.0
human,0.005319148936170213,1.0
human,0.005984042553191489,1.0
human,0.006648936170212766,1.0
human,0.007313829787234043,1.0
human,0.007313829787234043,0.9166666666666666
human,0.007978723404255319,0.9230769230769231
human,0.008643617021276596,0.9285714285714286
human,0.009308510638297872,0.9333333333333333
human,0.00997340425531915,0.9375
human,0.010638297872340425,0.9411764705882353
human,0.011303191489361703,0.9444444444444444
human,0.011968085106382979,0.9473684210526315
human,0.012632978723404254,0.95
human,0.013297872340425532,0.9523809523809523
human,0.013962765957446808,0.9545454545454546
human,0.014627659574468085,0.9565217391304348
human,0.015292553191489361,0.9583333333333334
human,0.015292553191489361,0.92
human,0.015957446808510637,0.9230769230769231
human,0.016622340425531915,0.9259259259259259
human,0.017287234042553192,0.9285714285714286
human,0.01795212765957447,0.9310344827586207
human,0.018617021276595744,0.9333333333333333
human,0.01928191489361702,0.9354838709677419
human,0.0199468085106383,0.9375
human,0.020611702127659573,0.9393939393939394
human,0.02127659574468085,0.9411764705882353
human,0.021941489361702128,0.9428571428571428
human,0.022606382978723406,0.9444444444444444
human,0.02327127659574468,0.9459459459459459
human,0.023936170212765957,0.9473684210526315
human,0.024601063829787235,0.9487179487179487
human,0.02526595744680851,0.95
human,0.025930851063829786,0.9512195121951219
human,0.026595744680851064,0.9523809523809523
human,0.02726063829787234,0.9534883720930233
human,0.027925531914893616,0.9545454545454546
human,0.028590425531914893,0.9555555555555556
human,0.02925531914893617,0.9565217391304348
human,0.02992021276595745,0.9574468085106383
human,0.030585106382978722,0.9583333333333334
human,0.03125,0.9591836734693877
human,0.031914893617021274,0.96
human,0.032579787234042555,0.9607843137254902
human,0.03324468085106383,0.9615384615384616
human,0.0339095744680851,0.9622641509433962
human,0.034574468085106384,0.9629629629629629
human,0.03523936170212766,0.9636363636363636
human,0.03590425531914894,0.9642857142857143
human,0.036569148936170214,0.9649122807017544
human,0.03723404255319149,0.9655172413793104
human,0.03789893617021277,0.9661016949152542
human,0.03856382978723404,0.9666666666666667
human,0.03922872340425532,0.9672131147540983
human,0.0398936170212766,0.967741935483871
human,0.04055851063829787,0.9682539682539683
human,0.041223404255319146,0.96875
human,0.04188829787234043,0.9692307692307692
human,0.0425531914893617,0.9696969696969697
human,0.04321808510638298,0.9701492537313433
human,0.043882978723404256,0.9705882352941176
human,0.04454787234042553,0.9710144927536232
human,0.04521276595744681,0.9714285714285714
human,0.045877659574468085,0.971830985915493
human,0.04654255319148936,0.9722222222222222
human,0.04720744680851064,0.9726027397260274
human,0.047872340425531915,0.972972972972973
human,0.04853723404255319,0.9733333333333334
human,0.04920212765957447,0.9736842105263158
human,0.049867021276595744,0.974025974025974
human,0.05053191489361702,0.9743589743589743
human,0.0511968085106383,0.9746835443037974
human,0.05186170212765957,0.975
human,0.052526595744680854,0.9753086419753086
human,0.05319148936170213,0.975609756097561
human,0.0538563829787234,0.9759036144578314
human,0.05452127659574468,0.9761904761904762
human,0.05518617021276596,0.9764705882352941
human,0.05585106382978723,0.9767441860465116
human,0.05651595744680851,0.9770114942528736
human,0.057180851063829786,0.9772727272727273
human,0.05784574468085106,0.9775280898876404
human,0.05851063829787234,0.9777777777777777
human,0.059175531914893616,0.978021978021978
human,0.0598404255319149,0.9782608695652174
human,0.06050531914893617,0.978494623655914
human,0.061170212765957445,0.9787234042553191
human,0.061835106382978726,0.9789473684210527
human,0.0625,0.9791666666666666
human,0.06316489361702128,0.979381443298969
human,0.06382978723404255,0.9795918367346939
human,0.06382978723404255,0.9696969696969697
human,0.06449468085106383,0.97
human,0.06515957446808511,0.9702970297029703
human,0.06582446808510638,0.9705882352941176
human,0.06648936170212766,0.970873786407767
human,0.06715425531914894,0.9711538461538461
human,0.0678191489361702,0.9714285714285714
human,0.06848404255319149,0.9716981132075472
human,0.06914893617021277,0.9719626168224299
human,0.06981382978723404,0.9722222222222222
human,0.06981382978723404,0.963302752293578
human,0.07047872340425532,0.9636363636363636
human,0.07047872340425532,0.954954954954955
human,0.0711436170212766,0.9553571428571429
human,0.07180851063829788,0.9557522123893806
human,0.07247340425531915,0.956140350877193
human,0.07313829787234043,0.9565217391304348
human,0.07380319148936171,0.9568965517241379
human,0.07446808510638298,0.9572649572649573
human,0.07513297872340426,0.9576271186440678
human,0.07579787234042554,0.957983193277311
human,0.0764627659574468,0.9583333333333334
human,0.07712765957446809,0.9586776859504132
human,0.07779255319148937,0.9590163934426229
human,0.07845744680851063,0.959349593495935
human,0.07912234042553191,0.9596774193548387
human,0.0797872340425532,0.96
human,0.08045212765957446,0.9603174603174603
human,0.08111702127659574,0.9606299212598425
human,0.08178191489361702,0.9609375
human,0.08178191489361702,0.9534883720930233
human,0.08244680851063829,0.9538461538461539
human,0.08311170212765957,0.9541984732824428
human,0.08377659574468085,0.9545454545454546
human,0.08444148936170212,0.9548872180451128
human,0.0851063829787234,0.9552238805970149
human,0.08577127659574468,0.9555555555555556
human,0.08643617021276596,0.9558823529411765
human,0.08710106382978723,0.9562043795620438
human,0.08776595744680851,0.9565217391304348
human,0.0884308510638298,0.9568345323741008
human,0.0884308510638298,0.95
human,0.08909574468085106,0.950354609929078
human,0.08976063829787234,0.9507042253521126
human,0.09042553191489362,0.951048951048951
human,0.09109042553191489,0.9513888888888888
human,0.09175531914893617,0.9517241379310345
human,0.09175531914893617,0.9452054794520548
human,0.09242021276595745,0.9455782312925171
human,0.09308510638297872,0.9459459459459459
human,0.09375,0.9463087248322147
human,0.09441489361702128,0.9466666666666667
human,0.09507978723404255,0.9470198675496688
human,0.09574468085106383,0.9473684210526315
human,0.09640957446808511,0.9477124183006536
human,0.09707446808510638,0.948051948051948
human,0.09773936170212766,0.9483870967741935
human,0.09840425531914894,0.9487179487179487
human,0.0990691489361702,0.9490445859872612
human,0.09973404255319149,0.9493670886075949
human,0.09973404255319149,0.9433962264150944
human,0.10039893617021277,0.94375
human,0.10039893617021277,0.937888198757764
human,0.10106382978723404,0.9382716049382716
human,0.10172872340425532,0.9386503067484663
human,0.1023936170212766,0.9390243902439024
human,0.10305851063829788,0.9393939393939394
human,0.10305851063829788,0.9337349397590361
human,0.10372340425531915,0.9341317365269461
human,0.10438829787234043,0.9345238095238095
human,0.10505319148936171,0.9349112426035503
human,0.10571808510638298,0.9352941176470588
human,0.10638297872340426,0.935672514619883
human,0.10704787234042554,0.936046511627907
human,0.1077127659574468,0.9364161849710982
human,0.10837765957446809,0.9367816091954023
human,0.10904255319148937,0.9371428571428572
human,0.10970744680851063,0.9375
human,0.11037234042553191,0.9378531073446328
human,0.1110372340425532,0.9382022471910112
human,0.11170212765957446,0.9385474860335196
human,0.11236702127659574,0.9388888888888889
human,0.11303191489361702,0.9392265193370166
human,0.11369680851063829,0.9395604395604396
human,0.11436170212765957,0.9398907103825137
human,0.11502659574468085,0.9402173913043478
human,0.11569148936170212,0.9405405405405406
human,0.1163563829787234,0.9408602150537635
human,0.11702127659574468,0.9411764705882353
human,0.11768617021276596,0.9414893617021277
human,0.11768617021276596,0.9365079365079365
human,0.11835106382978723,0.9368421052631579
human,0.11901595744680851,0.93717277486911
human,0.1196808510638298,0.9375
human,0.12034574468085106,0.9378238341968912
human,0.12101063829787234,0.9381443298969072
human,0.12167553191489362,0.9384615384615385
human,0.12234042553191489,0.9387755102040817
human,0.12300531914893617,0.9390862944162437
human,0.12367021276595745,0.9393939393939394
human,0.12433510638297872,0.9396984924623115
human,0.12433510638297872,0.935
human,0.125,0.9353233830845771
human,0.12566489361702127,0.9356435643564357
human,0.12632978723404256,0.9359605911330049
human,0.12699468085106383,0.9362745098039216
human,0.12699468085106383,0.9317073170731708
human,0.1276595744680851,0.9320388349514563
human,0.1276595744680851,0.927536231884058
human,0.1283244680851064,0.9278846153846154
human,0.12898936170212766,0.9282296650717703
human,0.12965425531914893,0.9285714285714286
human,0.12965425531914893,0.9241706161137441
human,0.13031914893617022,0.9245283018867925
human,0.13031914893617022,0.92018779342723
human,0.1309840425531915,0.9205607476635514
human,0.13164893617021275,0.9209302325581395
human,0.13231382978723405,0.9212962962962963
human,0.13297872340425532,0.9216589861751152
human,0.13364361702127658,0.9220183486238532
human,0.13430851063829788,0.9223744292237442
human,0.13497340425531915,0.9227272727272727
human,0.1356382978723404,0.9230769230769231
human,0.1363031914893617,0.9234234234234234
human,0.13696808510638298,0.9237668161434978
human,0.13763297872340424,0.9241071428571429
human,0.13829787234042554,0.9244444444444444
human,0.1389627659574468,0.9247787610619469
human,0.13962765957446807,0.9251101321585903
human,0.13962765957446807,0.9210526315789473
human,0.14029255319148937,0.9213973799126638
human,0.14095744680851063,0.9217391304347826
human,0.14162234042553193,0.922077922077922
human,0.1422872340425532,0.9224137931034483
human,0.14295212765957446,0.9227467811158798
human,0.14361702127659576,0.9230769230769231
human,0.14428191489361702,0.9234042553191489
human,0.14428191489361702,0.9194915254237288
human,0.1449468085106383,0.919831223628692
human,0.1456117021276596,0.9201680672268907
human,0.14627659574468085,0.9205020920502092
human,0.14694148936170212,0.9208333333333333
human,0.14760638297872342,0.921161825726141
human,0.14827127659574468,0.9214876033057852
human,0.14893617021276595,0.9218106995884774
human,0.14893617021276595,0.9180327868852459
human,0.14960106382978725,0.9183673469387755
human,0.1502659574468085,0.9186991869918699
human,0.15093085106382978,0.9190283400809717
human,0.15093085106382978,0.9153225806451613
human,0.15093085106382978,0.9116465863453815
human,0.15159574468085107,0.912
human,0.15159574468085107,0.9083665338645418
human,0.15226063829787234,0.9087301587301587
human,0.1529255319148936,0.9090909090909091
human,0.1535904255319149,0.9094488188976378
human,0.15425531914893617,0.9098039215686274
human,0.15425531914893617,0.90625
human,0.15492021276595744,0.9066147859922179
human,0.15558510638297873,0.9069767441860465
human,0.15625,0.9073359073359073
human,0.15691489361702127,0.9076923076923077
human,0.15757978723404256,0.9080459770114943
human,0.15824468085106383,0.9083969465648855
human,0.1589095744680851,0.908745247148289
human,0.1595744680851064,0.9090909090909091
human,0.16023936170212766,0.909433962264151
human,0.16090425531914893,0.9097744360902256
human,0.16090425531914893,0.9063670411985019
human,0.16156914893617022,0.9067164179104478
human,0.1622340425531915,0.9070631970260223
human,0.16289893617021275,0.9074074074074074
human,0.16356382978723405,0.9077490774907749
human,0.16422872340425532,0.9080882352941176
human,0.16422872340425532,0.9047619047619048
human,0.16489361702127658,0.9051094890510949
human,0.16555851063829788,0.9054545454545454
human,0.16622340425531915,0.9057971014492754
human,0.1668882978723404,0.9061371841155235
human,0.1675531914893617,0.9064748201438849
human,0.16821808510638298,0.9068100358422939
human,0.16888297872340424,0.9071428571428571
human,0.16888297872340424,0.9039145907473309
human,0.16954787234042554,0.9042553191489362
human,0.1702127659574468,0.9045936395759717
human,0.17087765957446807,0.9049295774647887
human,0.17154255319148937,0.9052631578947369
human,0.17220744680851063,0.9055944055944056
human,0.17287234042553193,0.9059233449477352
human,0.1735372340425532,0.90625
human,0.17420212765957446,0.9065743944636678
human,0.17486702127659576,0.906896551724138
human,0.17486702127659576,0.9037800687285223
human,0.17553191489361702,0.9041095890410958
human,0.1761968085106383,0.9044368600682594
human,0.1768617021276596,0.9047619047619048
human,0.17752659574468085,0.9050847457627119
human,0.17819148936170212,0.9054054054054054
human,0.17885638297872342,0.9057239057239057
human,0.17952127659574468,0.9060402684563759
human,0.18018617021276595,0.9063545150501672
human,0.18085106382978725,0.9066666666666666
human,0.1815159574468085,0.9069767441860465
human,0.18218085106382978,0.9072847682119205
human,0.18218085106382978,0.9042904290429042
human,0.18284574468085107,0.9046052631578947
human,0.18351063829787234,0.9049180327868852
human,0.1841755319148936,0.9052287581699346
human,0.1841755319148936,0.9022801302931596
human,0.1848404255319149,0.9025974025974026
human,0.18550531914893617,0.9029126213592233
human,0.18617021276595744,0.9032258064516129
human,0.18683510638297873,0.9035369774919614
human,0.1875,0.9038461538461539
human,0.18816489361702127,0.9041533546325878
human,0.18882978723404256,0.9044585987261147
human,0.18882978723404256,0.9015873015873016
human,0.18882978723404256,0.8987341772151899
human,0.18949468085106383,0.8990536277602523
human,0.1901595744680851,0.89937106918239
human,0.1908244680851064,0.8996865203761756
human,0.1908244680851064,0.896875
human,0.1908244680851064,0.8940809968847352
human,0.1908244680851064,0.8913043478260869
human,0.19148936170212766,0.891640866873065
human,0.19148936170212766,0.8888888888888888
human,0.19215425531914893,0.8892307692307693
human,0.19281914893617022,0.8895705521472392
human,0.1934840425531915,0.8899082568807339
human,0.1934840425531915,0.8871951219512195
human,0.19414893617021275,0.8875379939209727
human,0.19414893617021275,0.8848484848484849
human,0.19481382978723405,0.8851963746223565
human,0.19547872340425532,0.8855421686746988
human,0.19614361702127658,0.8858858858858859
human,0.19680851063829788,0.8862275449101796
human,0.19680851063829788,0.8835820895522388
human,0.19747340425531915,0.8839285714285714
human,0.1981382978723404,0.884272997032641
human,0.1988031914893617,0.8846153846153846
human,0.19946808510638298,0.8849557522123894
human,0.19946808510638298,0.8823529411764706
human,0.20013297872340424,0.8826979472140762
human,0.20079787234042554,0.8830409356725146
human,0.2014627659574468,0.8833819241982507
human,0.20212765957446807,0.8837209302325582
human,0.20279255319148937,0.8840579710144928
human,0.20345744680851063,0.884393063583815
human,0.20345744680851063,0.8818443804034583
human,0.20412234042553193,0.882183908045977
human,0.2047872340425532,0.8825214899713467
human,0.20545212765957446,0.8828571428571429
human,0.20545212765957446,0.8803418803418803
human,0.20611702127659576,0.8806818181818182
human,0.20611702127659576,0.8781869688385269
human,0.20678191489361702,0.8785310734463276
human,0.2074468085106383,0.8788732394366198
human,0.2081117021276596,0.8792134831460674
human,0.2081117021276596,0.876750700280112
human,0.20877659574468085,0.8770949720670391
human,0.20877659574468085,0.8746518105849582
human,0.20944148936170212,0.875
human,0.20944148936170212,0.8725761772853186
human,0.20944148936170212,0.8701657458563536
human,0.21010638297872342,0.8705234159779615
human,0.21077127659574468,0.8708791208791209
human,0.21077127659574468,0.8684931506849315
human,0.21077127659574468,0.8661202185792349
human,0.21143617021276595,0.8664850136239782
human,0.21143617021276595,0.8641304347826086
human,0.21143617021276595,0.8617886178861789
human,0.21210106382978725,0.8621621621621621
human,0.21210106382978725,0.8598382749326146
human,0.21210106382978725,0.8575268817204301
human,0.21210106382978725,0.8552278820375335
human,0.2127659574468085,0.8556149732620321
human,0.21343085106382978,0.856
human,0.21409574468085107,0.8563829787234043
human,0.21476063829787234,0.8567639257294429
human,0.2154255319148936,0.8571428571428571
human,0.2160904255319149,0.8575197889182058
human,0.21675531914893617,0.8578947368421053
human,0.21675531914893617,0.8556430446194225
human,0.21742021276595744,0.856020942408377
human,0.21808510638297873,0.856396866840731
human,0.21875,0.8567708333333334
human,0.21941489361702127,0.8571428571428571
human,0.22007978723404256,0.8575129533678757
human,0.22007978723404256,0.8552971576227391
human,0.22007978723404256,0.8530927835051546
human,0.22007978723404256,0.8508997429305912
human,0.22074468085106383,0.8512820512820513
human,0.2214095744680851,0.8516624040920716
human,0.2220744680851064,0.8520408163265306
human,0.2220744680851064,0.8498727735368957
human,0.22273936170212766,0.850253807106599
human,0.22273936170212766,0.8481012658227848
human,0.22340425531914893,0.8484848484848485
human,0.22406914893617022,0.8488664987405542
human,0.22406914893617022,0.8467336683417085
human,0.2247340425531915,0.8471177944862155
human,0.2247340425531915,0.845
human,0.2247340425531915,0.8428927680798005
human,0.22539893617021275,0.8432835820895522
human,0.22539893617021275,0.8411910669975186
human,0.22606382978723405,0.8415841584158416
human,0.22672872340425532,0.8419753086419753
human,0.22672872340425532,0.8399014778325123
human,0.22672872340425532,0.8378378378378378
human,0.22739361702127658,0.8382352941176471
human,0.22805851063829788,0.8386308068459658
human,0.22872340425531915,0.8390243902439024
human,0.22872340425531915,0.8369829683698297
human,0.22872340425531915,0.8349514563106796
human,0.2293882978723404,0.8353510895883777
human,0.2300531914893617,0.8357487922705314
human,0.23071808510638298,0.8361445783132531
human,0.23138297872340424,0.8365384615384616
human,0.23204787234042554,0.8369304556354916
human,0.2327127659574468,0.8373205741626795
human,0.2327127659574468,0.8353221957040573
human,0.23337765957446807,0.8357142857142857
human,0.23337765957446807,0.833729216152019
human,0.23337765957446807,0.8317535545023697
human,0.23404255319148937,0.8321513002364066
human,0.23470744680851063,0.8325471698113207
human,0.23537234042553193,0.8329411764705882
human,0.2360372340425532,0.8333333333333334
human,0.2360372340425532,0.8313817330210773
human,0.2360372340425532,0.8294392523364486
human,0.23670212765957446,0.8298368298368298
human,0.23736702127659576,0.8302325581395349
human,0.23803191489361702,0.8306264501160093
human,0.23803191489361702,0.8287037037037037
human,0.2386968085106383,0.8290993071593533
human,0.2386968085106383,0.8271889400921659
human,0.2393617021276596,0.8275862068965517
human,0.2393617021276596,0.8256880733944955
human,0.24002659574468085,0.8260869565217391
human,0.24069148936170212,0.8264840182648402
human,0.24069148936170212,0.8246013667425968
human,0.24135638297872342,0.825
human,0.24135638297872342,0.8231292517006803
human,0.24202127659574468,0.8235294117647058
human,0.24268617021276595,0.8239277652370203
human,0.24335106382978725,0.8243243243243243
human,0.24335106382978725,0.8224719101123595
human,0.2440159574468085,0.8228699551569507
human,0.24468085106382978,0.8232662192393736
human,0.24468085106382978,0.8214285714285714
human,0.24468085106382978,0.8195991091314031
human,0.24534574468085107,0.82
human,0.24601063829787234,0.8203991130820399
human,0.2466755319148936,0.8207964601769911
human,0.2473404255319149,0.8211920529801324
vehicle.bicycle,0.007352941176470588,1.0
vehicle.bicycle,0.014705882352941176,1.0
vehicle.bus,0.0,0.0
vehicle.bus,0.0,0.0
vehicle.bus,0.0,0.0
vehicle.bus,0.014492753623188406,0.25
vehicle.bus,0.028985507246376812,0.4
vehicle.bus,0.028985507246376812,0.3333333333333333
vehicle.bus,0.043478260869565216,0.42857142857142855
vehicle.bus,0.043478260869565216,0.375
vehicle.bus,0.043478260869565216,0.3333333333333333
vehicle.bus,0.043478260869565216,0.3
vehicle.bus,0.043478260869565216,0.2727272727272727
vehicle.bus,0.043478260869565216,0.25
vehicle.bus,0.043478260869565216,0.23076923076923078
vehicle.bus,0.057971014492753624,0.2857142857142857
vehicle.bus,0.07246376811594203,0.3333333333333333
vehicle.bus,0.07246376811594203,0.3125
vehicle.car,0.0005892751915144372,1.0
vehicle.car,0.0011785503830288745,1.0
vehicle.car,0.0017678255745433118,1.0
vehicle.car,0.002357100766057749,1.0
vehicle.car,0.0029463759575721863,1.0
vehicle.car,0.0035356511490866236,1.0
vehicle.car,0.0035356511490866236,0.8571428571428571
vehicle.car,0.0035356511490866236,0.75
vehicle.car,0.0041249263406010605,0.7777777777777778
vehicle.car,0.004714201532115498,0.8
vehicle.car,0.005303476723629935,0.8181818181818182
vehicle.car,0.0058927519151443725,0.8333333333333334
vehicle.car,0.00648202710665881,0.8461538461538461
vehicle.car,0.007071302298173247,0.8571428571428571
vehicle.car,0.0076605774896876845,0.8666666666666667
vehicle.car,0.008249852681202121,0.875
vehicle.car,0.00883912787271656,0.8823529411764706
vehicle.car,0.009428403064230996,0.8888888888888888
vehicle.car,0.010017678255745434,0.8947368421052632
vehicle.car,0.01060695344725987,0.9
vehicle.car,0.011196228638774307,0.9047619047619048
vehicle.car,0.011785503830288745,0.9090909090909091
vehicle.car,0.012374779021803181,0.9130434782608695
vehicle.car,0.01296405421331762,0.9166666666666666
vehicle.car,0.013553329404832056,0.92
vehicle.car,0.014142604596346494,0.9230769230769231
vehicle.car,0.01473187978786093,0.9259259259259259
vehicle.car,0.015321154979375369,0.9285714285714286
vehicle.car,0.015910430170889805,0.9310344827586207
vehicle.car,0.016499705362404242,0.9333333333333333
vehicle.car,0.01708898055391868,0.9354838709677419
vehicle.car,0.01767825574543312,0.9375
vehicle.car,0.018267530936947555,0.9393939393939394
vehicle.car,0.01885680612846199,0.9411764705882353
vehicle.car,0.019446081319976428,0.9428571428571428
vehicle.car,0.020035356511490868,0.9444444444444444
vehicle.car,0.020624631703005304,0.9459459459459459
vehicle.car,0.02121390689451974,0.9473684210526315
vehicle.car,0.021803182086034177,0.9487179487179487
vehicle.car,0.022392457277548614,0.95
vehicle.car,0.022981732469063054,0.9512195121951219
vehicle.car,0.02357100766057749,0.9523809523809523
vehicle.car,0.024160282852091926,0.9534883720930233
vehicle.car,0.024749558043606363,0.9545454545454546
vehicle.car,0.025338833235120803,0.9555555555555556
vehicle.car,0.02592810842663524,0.9565217391304348
vehicle.car,0.026517383618149676,0.9574468085106383
vehicle.car,0.027106658809664112,0.9583333333333334
vehicle.car,0.027106658809664112,0.9387755102040817
vehicle.car,0.02769593400117855,0.94
vehicle.car,0.02828520919269299,0.9411764705882353
vehicle.car,0.028874484384207425,0.9423076923076923
vehicle.car,0.02946375957572186,0.9433962264150944
vehicle.car,0.030053034767236298,0.9444444444444444
vehicle.car,0.030642309958750738,0.9454545454545454
vehicle.car,0.031231585150265175,0.9464285714285714
vehicle.car,0.03182086034177961,0.9473684210526315
vehicle.car,0.03241013553329405,0.9482758620689655
vehicle.car,0.032999410724808484,0.9491525423728814
vehicle.car,0.03358868591632292,0.95
vehicle.car,0.03417796110783736,0.9508196721311475
vehicle.car,0.0347672362993518,0.9516129032258065
vehicle.car,0.03535651149086624,0.9523809523809523
vehicle.car,0.03594578668238067,0.953125
vehicle.car,0.03653506187389511,0.9538461538461539
vehicle.car,0.037124337065409546,0.9545454545454546
vehicle.car,0.03771361225692398,0.9552238805970149
vehicle.car,0.03830288744843842,0.9558823529411765
vehicle.car,0.038892162639952856,0.9565217391304348
vehicle.car,0.03948143783146729,0.9571428571428572
vehicle.car,0.040070713022981735,0.9577464788732394
vehicle.car,0.04065998821449617,0.9583333333333334
vehicle.car,0.04124926340601061,0.958904109589041
vehicle.car,0.041838538597525045,0.9594594594594594
vehicle.car,0.04242781378903948,0.96
vehicle.car,0.04301708898055392,0.9605263157894737
vehicle.car,0.043606364172068354,0.961038961038961
vehicle.car,0.04419563936358279,0.9615384615384616
vehicle.car,0.04478491455509723,0.9620253164556962
vehicle.car,0.04537418974661167,0.9625
vehicle.car,0.04596346493812611,0.9629629629629629
vehicle.car,0.046552740129640544,0.9634146341463414
vehicle.car,0.04714201532115498,0.963855421686747
vehicle.car,0.047731290512669416,0.9642857142857143
vehicle.car,0.04832056570418385,0.9647058823529412
vehicle.car,0.04890984089569829,0.9651162790697675
vehicle.car,0.049499116087212726,0.9655172413793104
vehicle.car,0.05008839127872716,0.9659090909090909
vehicle.car,0.050677666470241606,0.9662921348314607
vehicle.car,0.05126694166175604,0.9666666666666667
vehicle.car,0.05185621685327048,0.967032967032967
vehicle.car,0.052445492044784915,0.967391304347826
vehicle.car,0.05303476723629935,0.967741935483871
vehicle.car,0.05362404242781379,0.9680851063829787
vehicle.car,0.054213317619328225,0.968421052631579
vehicle.car,0.05480259281084266,0.96875
vehicle.car,0.0553918680023571,0.9690721649484536
vehicle.car,0.05598114319387154,0.9693877551020408
vehicle.car,0.05657041838538598,0.9696969696969697
vehicle.car,0.057159693576900414,0.97
vehicle.car,0.05774896876841485,0.9702970297029703
vehicle.car,0.05833824395992929,0.9705882352941176
vehicle.car,0.05892751915144372,0.970873786407767
vehicle.car,0.05951679434295816,0.9711538461538461
vehicle.car,0.060106069534472596,0.9714285714285714
vehicle.car,0.06069534472598703,0.9716981132075472
vehicle.car,0.061284619917501476,0.9719626168224299
vehicle.car,0.06187389510901591,0.9722222222222222
vehicle.car,0.06246317030053035,0.9724770642201835
vehicle.car,0.06305244549204478,0.9727272727272728
vehicle.car,0.06364172068355922,0.972972972972973
vehicle.car,0.06423099587507367,0.9732142857142857
vehicle.car,0.0648202710665881,0.9734513274336283
vehicle.car,0.06540954625810254,0.9736842105263158
vehicle.car,0.06599882144961697,0.9739130434782609
vehicle.car,0.06658809664113141,0.9741379310344828
vehicle.car,0.06717737183264584,0.9743589743589743
vehicle.car,0.06776664702416028,0.9745762711864406
vehicle.car,0.06835592221567471,0.9747899159663865
vehicle.car,0.06894519740718916,0.975
vehicle.car,0.0695344725987036,0.9752066115702479
vehicle.car,0.07012374779021803,0.9754098360655737
vehicle.car,0.07071302298173247,0.975609756097561
vehicle.car,0.0713022981732469,0.9758064516129032
vehicle.car,0.07189157336476135,0.976
vehicle.car,0.07248084855627578,0.9761904761904762
vehicle.car,0.07307012374779022,0.9763779527559056
vehicle.car,0.07365939893930465,0.9765625
vehicle.car,0.07424867413081909,0.9767441860465116
vehicle.car,0.07483794932233354,0.9769230769230769
vehicle.car,0.07542722451384797,0.9770992366412213
vehicle.car,0.07601649970536241,0.9772727272727273
vehicle.car,0.07660577489687684,0.9774436090225563
vehicle.car,0.07719505008839128,0.9776119402985075
vehicle.car,0.07778432527990571,0.9777777777777777
vehicle.car,0.07837360047142015,0.9779411764705882
vehicle.car,0.07896287566293458,0.9781021897810219
vehicle.car,0.07955215085444903,0.9782608695652174
vehicle.car,0.08014142604596347,0.9784172661870504
vehicle.car,0.0807307012374779,0.9785714285714285
vehicle.car,0.08131997642899234,0.9787234042553191
vehicle.car,0.08190925162050677,0.9788732394366197
vehicle.car,0.08249852681202122,0.9790209790209791
vehicle.car,0.08308780200353565,0.9791666666666666
vehicle.car,0.08367707719505009,0.9793103448275862
vehicle.car,0.08426635238656452,0.9794520547945206
vehicle.car,0.08485562757807896,0.9795918367346939
vehicle.car,0.0854449027695934,0.9797297297297297
vehicle.car,0.08603417796110784,0.9798657718120806
vehicle.car,0.08662345315262228,0.98
vehicle.car,0.08721272834413671,0.9801324503311258
vehicle.car,0.08780200353565115,0.9802631578947368
vehicle.car,0.08839127872716558,0.9803921568627451
vehicle.car,0.08898055391868002,0.9805194805194806
vehicle.car,0.08956982911019445,0.9806451612903225
vehicle.car,0.0901591043017089,0.9807692307692307
vehicle.car,0.09074837949322334,0.9808917197452229
vehicle.car,0.09133765468473777,0.9810126582278481
vehicle.car,0.09192692987625221,0.9811320754716981
vehicle.car,0.09251620506776664,0.98125
vehicle.car,0.09310548025928109,0.9813664596273292
vehicle.car,0.09369475545079552,0.9814814814814815
vehicle.car,0.09428403064230996,0.9815950920245399
vehicle.car,0.09487330583382439,0.9817073170731707
vehicle.car,0.09546258102533883,0.9818181818181818
vehicle.car,0.09605185621685328,0.9819277108433735
vehicle.car,0.0966411314083677,0.9820359281437125
vehicle.car,0.09723040659988215,0.9821428571428571
vehicle.car,0.09781968179139658,0.9822485207100592
vehicle.car,0.09840895698291102,0.9823529411764705
vehicle.car,0.09899823217442545,0.9824561403508771
vehicle.car,0.0995875073659399,0.9825581395348837
vehicle.car,0.10017678255745432,0.9826589595375722
vehicle.car,0.10076605774896877,0.9827586206896551
vehicle.car,0.10135533294048321,0.9828571428571429
vehicle.car,0.10194460813199764,0.9829545454545454
vehicle.car,0.10253388332351208,0.9830508474576272
vehicle.car,0.10312315851502651,0.9831460674157303
vehicle.car,0.10371243370654096,0.9832402234636871
vehicle.car,0.10430170889805539,0.9833333333333333
vehicle.car,0.10489098408956983,0.9834254143646409
vehicle.car,0.10548025928108426,0.9835164835164835
vehicle.car,0.1060695344725987,0.9836065573770492
vehicle.car,0.1060695344725987,0.9782608695652174
vehicle.car,0.10665880966411315,0.9783783783783784
vehicle.car,0.10724808485562758,0.978494623655914
vehicle.car,0.10783736004714202,0.9786096256684492
vehicle.car,0.10842663523865645,0.9787234042553191
vehicle.car,0.10901591043017089,0.9788359788359788
vehicle.car,0.10960518562168532,0.9789473684210527
vehicle.car,0.11019446081319977,0.9790575916230366
vehicle.car,0.1107837360047142,0.9791666666666666
vehicle.car,0.11137301119622864,0.9792746113989638
vehicle.car,0.11196228638774308,0.979381443298969
vehicle.car,0.11255156157925751,0.9794871794871794
vehicle.car,0.11314083677077195,0.9795918367346939
vehicle.car,0.11373011196228638,0.9796954314720813
vehicle.car,0.11431938715380083,0.9797979797979798
vehicle.car,0.11490866234531526,0.9798994974874372
vehicle.car,0.11490866234531526,0.975
vehicle.car,0.1154979375368297,0.9751243781094527
vehicle.car,0.11608721272834413,0.9752475247524752
vehicle.car,0.11667648791985857,0.9753694581280788
vehicle.car,0.11726576311137302,0.9754901960784313
vehicle.car,0.11785503830288745,0.975609756097561
vehicle.car,0.11844431349440189,0.9757281553398058
vehicle.car,0.11903358868591632,0.9758454106280193
vehicle.car,0.11962286387743076,0.9759615384615384
vehicle.car,0.12021213906894519,0.9760765550239234
vehicle.car,0.12080141426045964,0.9761904761904762
vehicle.car,0.12139068945197407,0.976303317535545
vehicle.car,0.12197996464348851,0.9764150943396226
vehicle.car,0.12256923983500295,0.9765258215962441
vehicle.car,0.12315851502651738,0.9766355140186916
vehicle.car,0.12374779021803183,0.9767441860465116
vehicle.car,0.12433706540954625,0.9768518518518519
vehicle.car,0.1249263406010607,0.9769585253456221
vehicle.car,0.12551561579257514,0.9770642201834863
vehicle.car,0.12610489098408956,0.9771689497716894
vehicle.car,0.126694166175604,0.9772727272727273
vehicle.car,0.12728344136711844,0.9773755656108597
vehicle.car,0.1278727165586329,0.9774774774774775
vehicle.car,0.1278727165586329,0.9730941704035875
vehicle.car,0.12846199175014733,0.9732142857142857
vehicle.car,0.12905126694166175,0.9733333333333334
vehicle.car,0.1296405421331762,0.9734513274336283
vehicle.car,0.13022981732469063,0.973568281938326
vehicle.car,0.13081909251620508,0.9736842105263158
vehicle.car,0.1314083677077195,0.9737991266375546
vehicle.car,0.13199764289923394,0.9739130434782609
vehicle.car,0.13258691809074838,0.974025974025974
vehicle.car,0.13317619328226282,0.9741379310344828
vehicle.car,0.13376546847377727,0.9742489270386266
vehicle.car,0.13435474366529168,0.9743589743589743
vehicle.car,0.13494401885680612,0.9744680851063829
vehicle.car,0.13553329404832057,0.9745762711864406
vehicle.car,0.136122569239835,0.9746835443037974
vehicle.car,0.13671184443134943,0.9747899159663865
vehicle.car,0.13730111962286387,0.9748953974895398
vehicle.car,0.13789039481437831,0.975
vehicle.car,0.13789039481437831,0.970954356846473
vehicle.car,0.13847967000589276,0.9710743801652892
vehicle.car,0.1390689451974072,0.9711934156378601
vehicle.car,0.13965822038892162,0.9713114754098361
vehicle.car,0.14024749558043606,0.9714285714285714
vehicle.car,0.1408367707719505,0.9715447154471545
vehicle.car,0.14142604596346495,0.97165991902834
vehicle.car,0.14201532115497936,0.9717741935483871
vehicle.car,0.1426045963464938,0.9718875502008032
vehicle.car,0.14319387153800825,0.972
vehicle.car,0.1437831467295227,0.9721115537848606
vehicle.car,0.14437242192103714,0.9722222222222222
vehicle.car,0.14496169711255155,0.9723320158102767
vehicle.car,0.145550972304066,0.9724409448818898
vehicle.car,0.14614024749558044,0.9725490196078431
vehicle.car,0.14672952268709488,0.97265625
vehicle.car,0.1473187978786093,0.9727626459143969
vehicle.car,0.14790807307012374,0.9728682170542635
vehicle.car,0.14849734826163818,0.972972972972973
vehicle.car,0.14908662345315263,0.9730769230769231
vehicle.car,0.14967589864466707,0.9731800766283525
vehicle.car,0.1502651738361815,0.9732824427480916
vehicle.car,0.15085444902769593,0.973384030418251
vehicle.car,0.15144372421921037,0.9734848484848485
vehicle.car,0.15203299941072482,0.9735849056603774
vehicle.car,0.15262227460223923,0.9736842105263158
vehicle.car,0.15321154979375368,0.9737827715355806
vehicle.car,0.15321154979375368,0.9701492537313433
vehicle.car,0.15380082498526812,0.9702602230483272
vehicle.car,0.15439010017678256,0.9703703703703703
vehicle.car,0.154979375368297,0.9704797047970479
vehicle.car,0.15556865055981142,0.9705882352941176
vehicle.car,0.15615792575132587,0.9706959706959707
vehicle.car,0.1567472009428403,0.9708029197080292
vehicle.car,0.15733647613435475,0.9709090909090909
vehicle.car,0.15792575132586917,0.9710144927536232
vehicle.car,0.1585150265173836,0.9711191335740073
vehicle.car,0.15910430170889805,0.9712230215827338
vehicle.car,0.1596935769004125,0.9713261648745519
vehicle.car,0.16028285209192694,0.9714285714285714
vehicle.car,0.16087212728344136,0.9715302491103203
vehicle.car,0.16087212728344136,0.9680851063829787
vehicle.car,0.1614614024749558,0.9681978798586572
vehicle.car,0.16205067766647024,0.9683098591549296
vehicle.car,0.1626399528579847,0.968421052631579
vehicle.car,0.1632292280494991,0.9685314685314685
vehicle.car,0.1632292280494991,0.9651567944250871
vehicle.car,0.1632292280494991,0.9618055555555556
vehicle.car,0.16381850324101355,0.9619377162629758
vehicle.car,0.164407778432528,0.9620689655172414
vehicle.car,0.16499705362404243,0.9621993127147767
vehicle.car,0.16558632881555688,0.9623287671232876
vehicle.car,0.1661756040070713,0.962457337883959
vehicle.car,0.16676487919858574,0.9625850340136054
vehicle.car,0.16735415439010018,0.9627118644067797
vehicle.car,0.16794342958161462,0.9628378378378378
vehicle.car,0.16853270477312904,0.9629629629629629
vehicle.car,0.16912197996464348,0.9630872483221476
vehicle.car,0.16971125515615793,0.9632107023411371
vehicle.car,0.17030053034767237,0.9633333333333334
vehicle.car,0.17030053034767237,0.9601328903654485
vehicle.car,0.1708898055391868,0.9602649006622517
vehicle.car,0.17147908073070123,0.9603960396039604
vehicle.car,0.17206835592221567,0.9605263157894737
vehicle.car,0.17265763111373011,0.9606557377049181
vehicle.car,0.17324690630524456,0.9607843137254902
vehicle.car,0.17324690630524456,0.9576547231270358
vehicle.car,0.17324690630524456,0.9545454545454546
vehicle.car,0.17383618149675897,0.9546925566343042
vehicle.car,0.17442545668827342,0.9548387096774194
vehicle.car,0.17501473187978786,0.954983922829582
vehicle.car,0.1756040070713023,0.9551282051282052
vehicle.car,0.17619328226281675,0.9552715654952076
vehicle.car,0.17678255745433116,0.9554140127388535
vehicle.car,0.1773718326458456,0.9555555555555556
vehicle.car,0.17796110783736005,0.9556962025316456
vehicle.car,0.17796110783736005,0.9526813880126183
vehicle.car,0.1785503830288745,0.9528301886792453
vehicle.car,0.1791396582203889,0.9529780564263323
vehicle.car,0.17972893341190335,0.953125
vehicle.car,0.1803182086034178,0.9532710280373832
vehicle.car,0.18090748379493224,0.953416149068323
vehicle.car,0.18149675898644668,0.9535603715170279
vehicle.car,0.1820860341779611,0.9537037037037037
vehicle.car,0.18267530936947554,0.9538461538461539
vehicle.car,0.18326458456098998,0.9539877300613497
vehicle.car,0.18385385975250443,0.9541284403669725
vehicle.car,0.18444313494401884,0.9542682926829268
vehicle.car,0.1850324101355333,0.9544072948328267
vehicle.car,0.18562168532704773,0.9545454545454546
vehicle.car,0.18621096051856217,0.9546827794561934
vehicle.car,0.18621096051856217,0.9518072289156626
vehicle.car,0.18680023571007662,0.9519519519519519
vehicle.car,0.18738951090159103,0.9520958083832335
vehicle.car,0.18797878609310548,0.9522388059701492
vehicle.car,0.18856806128461992,0.9523809523809523
vehicle.car,0.18915733647613436,0.9525222551928784
vehicle.car,0.18915733647613436,0.9497041420118343
vehicle.car,0.18974661166764878,0.9498525073746312
vehicle.car,0.19033588685916322,0.95
vehicle.car,0.19092516205067767,0.9501466275659824
vehicle.car,0.1915144372421921,0.9502923976608187
vehicle.car,0.19210371243370655,0.9504373177842566
vehicle.car,0.19269298762522097,0.9505813953488372
vehicle.car,0.1932822628167354,0.9507246376811594
vehicle.car,0.19387153800824986,0.9508670520231214
vehicle.car,0.1944608131997643,0.9510086455331412
vehicle.car,0.19505008839127871,0.9511494252873564
vehicle.car,0.19563936358279316,0.9512893982808023
vehicle.car,0.1962286387743076,0.9514285714285714
vehicle.car,0.19681791396582204,0.9515669515669516
vehicle.car,0.19681791396582204,0.9488636363636364
vehicle.car,0.1974071891573365,0.9490084985835694
vehicle.car,0.1979964643488509,0.9491525423728814
vehicle.car,0.19858573954036535,0.9492957746478873
vehicle.car,0.1991750147318798,0.949438202247191
vehicle.car,0.19976428992339423,0.9495798319327731
vehicle.car,0.19976428992339423,0.946927374301676
vehicle.car,0.20035356511490865,0.947075208913649
vehicle.car,0.2009428403064231,0.9472222222222222
vehicle.car,0.20153211549793754,0.9473684210526315
vehicle.car,0.20212139068945198,0.9475138121546961
vehicle.car,0.20271066588096642,0.9476584022038568
vehicle.car,0.20329994107248084,0.9478021978021978
vehicle.car,0.20388921626399528,0.947945205479452
vehicle.car,0.20447849145550973,0.9480874316939891
vehicle.car,0.20506776664702417,0.9482288828337875
vehicle.car,0.20506776664702417,0.9456521739130435
vehicle.car,0.20565704183853858,0.94579945799458
vehicle.car,0.20624631703005303,0.9459459459459459
vehicle.car,0.20683559222156747,0.9460916442048517
vehicle.car,0.20742486741308191,0.946236559139785
vehicle.car,0.20801414260459636,0.9463806970509383
vehicle.car,0.20860341779611077,0.946524064171123
vehicle.car,0.20860341779611077,0.944
vehicle.car,0.20919269298762522,0.9441489361702128
vehicle.car,0.20978196817913966,0.9442970822281167
vehicle.car,0.2103712433706541,0.9444444444444444
vehicle.car,0.21096051856216852,0.9445910290237467
vehicle.car,0.21154979375368296,0.9447368421052632
vehicle.car,0.2121390689451974,0.9448818897637795
vehicle.car,0.21272834413671185,0.9450261780104712
vehicle.car,0.2133176193282263,0.9451697127937336
vehicle.car,0.2139068945197407,0.9453125
vehicle.car,0.21449616971125515,0.9454545454545454
vehicle.car,0.2150854449027696,0.9455958549222798
vehicle.car,0.2150854449027696,0.9431524547803618
vehicle.car,0.21567472009428404,0.9432989690721649
vehicle.car,0.21626399528579845,0.9434447300771208
vehicle.car,0.2168532704773129,0.9435897435897436
vehicle.car,0.21744254566882734,0.9437340153452686
vehicle.car,0.21803182086034179,0.9438775510204082
vehicle.car,0.21862109605185623,0.9440203562340967
vehicle.car,0.21921037124337064,0.9441624365482234
vehicle.car,0.2197996464348851,0.9443037974683545
vehicle.car,0.22038892162639953,0.9444444444444444
vehicle.car,0.22038892162639953,0.9420654911838791
vehicle.car,0.22097819681791397,0.9422110552763819
vehicle.car,0.22097819681791397,0.9398496240601504
vehicle.car,0.2215674720094284,0.94
vehicle.car,0.22215674720094283,0.940149625935162
vehicle.car,0.22274602239245728,0.9402985074626866
vehicle.car,0.22333529758397172,0.9404466501240695
vehicle.car,0.22392457277548616,0.9405940594059405
vehicle.car,0.22392457277548616,0.9382716049382716
vehicle.car,0.22451384796700058,0.9384236453201971
vehicle.car,0.22510312315851502,0.9385749385749386
vehicle.car,0.22569239835002947,0.9387254901960784
vehicle.car,0.2262816735415439,0.9388753056234719
vehicle.car,0.22687094873305833,0.9390243902439024
vehicle.car,0.22746022392457277,0.9391727493917275
vehicle.car,0.2280494991160872,0.9393203883495146
vehicle.car,0.22863877430760166,0.9394673123486683
vehicle.car,0.2292280494991161,0.9396135265700483
vehicle.car,0.22981732469063051,0.9397590361445783
vehicle.car,0.23040659988214496,0.9399038461538461
vehicle.car,0.2309958750736594,0.9400479616306955
vehicle.car,0.23158515026517384,0.9401913875598086
vehicle.car,0.23217442545668826,0.9403341288782816
vehicle.car,0.23217442545668826,0.9380952380952381
vehicle.car,0.2327637006482027,0.9382422802850356
vehicle.car,0.2327637006482027,0.9360189573459715
vehicle.car,0.23335297583971715,0.9361702127659575
vehicle.car,0.2339422510312316,0.9363207547169812
vehicle.car,0.23453152622274603,0.9364705882352942
vehicle.car,0.23512080141426045,0.9366197183098591
vehicle.car,0.2357100766057749,0.936768149882904
vehicle.car,0.2357100766057749,0.9345794392523364
vehicle.car,0.23629935179728934,0.9347319347319347
vehicle.car,0.23629935179728934,0.9325581395348838
vehicle.car,0.23688862698880378,0.9327146171693735
vehicle.car,0.2374779021803182,0.9328703703703703
vehicle.car,0.23806717737183264,0.9330254041570438
vehicle.car,0.23806717737183264,0.9308755760368663
vehicle.car,0.23865645256334708,0.9310344827586207
vehicle.car,0.23924572775486153,0.9311926605504587
vehicle.car,0.23983500294637597,0.931350114416476
vehicle.car,0.24042427813789038,0.9315068493150684
vehicle.car,0.24101355332940483,0.9316628701594533
vehicle.car,0.24101355332940483,0.9295454545454546
vehicle.car,0.24101355332940483,0.927437641723356
vehicle.car,0.24160282852091927,0.9276018099547512
vehicle.car,0.24219210371243372,0.927765237020316
vehicle.car,0.24219210371243372,0.9256756756756757
vehicle.car,0.24278137890394813,0.9258426966292135
vehicle.car,0.24337065409546257,0.9260089686098655
vehicle.car,0.24395992928697702,0.9261744966442953
vehicle.car,0.24454920447849146,0.9263392857142857
vehicle.car,0.2451384796700059,0.9265033407572383
vehicle.car,0.24572775486152032,0.9266666666666666
vehicle.car,0.24631703005303476,0.926829268292683
vehicle.car,0.2469063052445492,0.9269911504424779
vehicle.car,0.24749558043606365,0.9271523178807947
vehicle.car,0.24808485562757807,0.9273127753303965
vehicle.car,0.2486741308190925,0.9274725274725275
vehicle.car,0.2486741308190925,0.9254385964912281
vehicle.car,0.24926340601060695,0.925601750547046
vehicle.car,0.2498526812021214,0.925764192139738
vehicle.car,0.2504419563936358,0.9259259259259259
vehicle.car,0.2510312315851503,0.9260869565217391
vehicle.car,0.2516205067766647,0.9262472885032538
vehicle.car,0.2522097819681791,0.9264069264069265
vehicle.car,0.2527990571596936,0.9265658747300216
vehicle.car,0.2527990571596936,0.9245689655172413
vehicle.car,0.2527990571596936,0.9225806451612903
vehicle.car,0.253388332351208,0.9227467811158798
vehicle.car,0.25397760754272247,0.9229122055674518
vehicle.car,0.2545668827342369,0.9230769230769231
vehicle.car,0.2551561579257513,0.9232409381663113
vehicle.car,0.2557454331172658,0.9234042553191489
vehicle.car,0.2563347083087802,0.9235668789808917
vehicle.car,0.25692398350029466,0.923728813559322
vehicle.car,0.2575132586918091,0.9238900634249472
vehicle.car,0.2581025338833235,0.9240506329113924
vehicle.car,0.25869180907483796,0.9242105263157895
vehicle.car,0.25869180907483796,0.9222689075630253
vehicle.car,0.2592810842663524,0.9224318658280922
vehicle.car,0.2592810842663524,0.9205020920502092
vehicle.car,0.25987035945786685,0.9206680584551148
vehicle.car,0.26045963464938127,0.9208333333333333
vehicle.car,0.2610489098408957,0.920997920997921
vehicle.car,0.26163818503241015,0.921161825726141
vehicle.car,0.26222746022392457,0.9213250517598344
vehicle.car,0.262816735415439,0.9214876033057852
vehicle.car,0.26340601060695346,0.9216494845360824
vehicle.car,0.26399528579846787,0.9218106995884774
vehicle.car,0.26458456098998234,0.9219712525667351
vehicle.car,0.26458456098998234,0.9200819672131147
vehicle.car,0.26517383618149676,0.9202453987730062
vehicle.car,0.2657631113730112,0.9204081632653062
vehicle.car,0.26635238656452564,0.9205702647657841
vehicle.car,0.26694166175604006,0.9207317073170732
vehicle.car,0.26694166175604006,0.9188640973630832
vehicle.car,0.26753093694755453,0.9190283400809717
vehicle.car,0.26812021213906895,0.9191919191919192
vehicle.car,0.26870948733058336,0.9193548387096774
vehicle.car,0.26929876252209783,0.9195171026156942
vehicle.car,0.26929876252209783,0.9176706827309237
vehicle.car,0.26988803771361225,0.9178356713426854
vehicle.car,0.2704773129051267,0.918
vehicle.car,0.27106658809664114,0.9181636726546906
vehicle.car,0.27165586328815555,0.9183266932270916
vehicle.car,0.27224513847967,0.9184890656063618
vehicle.car,0.27224513847967,0.9166666666666666
vehicle.car,0.27283441367118444,0.9168316831683169
vehicle.car,0.27283441367118444,0.9150197628458498
vehicle.car,0.27342368886269885,0.9151873767258383
vehicle.car,0.2740129640542133,0.9153543307086615
vehicle.car,0.27460223924572774,0.9155206286836935
vehicle.car,0.2751915144372422,0.9156862745098039
vehicle.car,0.27578078962875663,0.9158512720156555
vehicle.car,0.27637006482027104,0.916015625
vehicle.car,0.27637006482027104,0.9142300194931774
vehicle.car,0.2769593400117855,0.914396887159533
vehicle.car,0.27754861520329993,0.9145631067961165
vehicle.car,0.2781378903948144,0.9147286821705426
vehicle.car,0.2787271655863288,0.9148936170212766
vehicle.car,0.27931644077784323,0.915057915057915
vehicle.car,0.2799057159693577,0.9152215799614644
vehicle.car,0.2804949911608721,0.9153846153846154
vehicle.car,0.2810842663523866,0.9155470249520153
vehicle.car,0.281673541543901,0.9157088122605364
vehicle.car,0.2822628167354154,0.9158699808795411
vehicle.car,0.2828520919269299,0.916030534351145
vehicle.car,0.2834413671184443,0.9161904761904762
vehicle.car,0.2840306423099587,0.9163498098859315
vehicle.car,0.2846199175014732,0.9165085388994307
vehicle.car,0.2852091926929876,0.9166666666666666
vehicle.car,0.2857984678845021,0.9168241965973535
vehicle.car,0.2863877430760165,0.9169811320754717
vehicle.car,0.2869770182675309,0.9171374764595104
vehicle.car,0.2875662934590454,0.9172932330827067
vehicle.car,0.2881555686505598,0.9174484052532833
vehicle.car,0.2887448438420743,0.9176029962546817
vehicle.car,0.2887448438420743,0.9158878504672897
vehicle.car,0.2893341190335887,0.9160447761194029
vehicle.car,0.2899233942251031,0.9162011173184358
vehicle.car,0.2899233942251031,0.9144981412639405
vehicle.car,0.2905126694166176,0.9146567717996289
vehicle.car,0.291101944608132,0.9148148148148149
vehicle.car,0.291101944608132,0.9131238447319778
vehicle.car,0.29169121979964646,0.9132841328413284
vehicle.car,0.2922804949911609,0.9134438305709024
vehicle.car,0.2922804949911609,0.9117647058823529
vehicle.car,0.2928697701826753,0.9119266055045872
vehicle.car,0.29345904537418976,0.9120879120879121
vehicle.car,0.2940483205657042,0.9122486288848263
vehicle.car,0.2946375957572186,0.9124087591240876
vehicle.car,0.29522687094873307,0.912568306010929
vehicle.car,0.29522687094873307,0.9109090909090909
vehicle.car,0.2958161461402475,0.911070780399274
vehicle.car,0.29640542133176195,0.9112318840579711
vehicle.car,0.29699469652327637,0.9113924050632911
vehicle.car,0.2975839717147908,0.9115523465703971
vehicle.car,0.29817324690630526,0.9117117117117117
vehicle.car,0.29876252209781967,0.9118705035971223
vehicle.car,0.29935179728933414,0.9120287253141831
vehicle.car,0.29935179728933414,0.910394265232975
vehicle.car,0.29994107248084856,0.9105545617173524
vehicle.car,0.29994107248084856,0.9089285714285714
vehicle.car,0.29994107248084856,0.9073083778966132
vehicle.car,0.300530347672363,0.9074733096085409
vehicle.car,0.300530347672363,0.9058614564831261
vehicle.car,0.300530347672363,0.9042553191489362
vehicle.car,0.30111962286387745,0.904424778761062
vehicle.car,0.30170889805539186,0.9045936395759717
vehicle.car,0.30229817324690633,0.9047619047619048
vehicle.car,0.30288744843842075,0.9049295774647887
vehicle.car,0.30288744843842075,0.9033391915641477
vehicle.car,0.30347672362993516,0.9035087719298246
vehicle.car,0.30406599882144963,0.9036777583187391
vehicle.car,0.30465527401296405,0.9038461538461539
vehicle.car,0.30465527401296405,0.9022687609075044
vehicle.car,0.30524454920447847,0.9024390243902439
vehicle.car,0.30524454920447847,0.9008695652173913
vehicle.car,0.30524454920447847,0.8993055555555556
vehicle.car,0.30583382439599294,0.8994800693240901
vehicle.car,0.30642309958750735,0.8996539792387543
vehicle.car,0.30642309958750735,0.8981001727115717
vehicle.car,0.3070123747790218,0.8982758620689655
vehicle.car,0.3070123747790218,0.8967297762478486
vehicle.car,0.30760164997053624,0.8969072164948454
vehicle.car,0.30819092516205066,0.8970840480274442
vehicle.car,0.30819092516205066,0.8955479452054794
vehicle.car,0.30819092516205066,0.8940170940170941
vehicle.car,0.30819092516205066,0.8924914675767918
vehicle.car,0.30819092516205066,0.8909710391822828
vehicle.car,0.30819092516205066,0.8894557823129252
vehicle.car,0.3087802003535651,0.8896434634974533
vehicle.car,0.30936947554507954,0.8898305084745762
vehicle.car,0.30936947554507954,0.8883248730964467
vehicle.car,0.309958750736594,0.8885135135135135
vehicle.car,0.31054802592810843,0.8887015177065767
vehicle.car,0.31113730111962284,0.8888888888888888
vehicle.car,0.31113730111962284,0.8873949579831932
vehicle.car,0.3117265763111373,0.8875838926174496
vehicle.car,0.31231585150265173,0.8877721943048577
vehicle.car,0.3129051266941662,0.8879598662207357
vehicle.car,0.3134944018856806,0.8881469115191987
vehicle.car,0.31408367707719503,0.8883333333333333
vehicle.car,0.3146729522687095,0.8885191347753744
vehicle.car,0.3146729522687095,0.8870431893687708
vehicle.car,0.3146729522687095,0.8855721393034826
vehicle.car,0.3152622274602239,0.8857615894039735
vehicle.car,0.31585150265173834,0.8859504132231405
vehicle.car,0.3164407778432528,0.8861386138613861
vehicle.car,0.3170300530347672,0.886326194398682
vehicle.car,0.3176193282262817,0.8865131578947368
vehicle.car,0.3182086034177961,0.8866995073891626
vehicle.car,0.3187978786093105,0.8868852459016393
vehicle.car,0.3187978786093105,0.8854337152209493
vehicle.car,0.319387153800825,0.8856209150326797
vehicle.car,0.319387153800825,0.8841761827079935
vehicle.car,0.3199764289923394,0.8843648208469055
vehicle.car,0.3205657041838539,0.8845528455284553
vehicle.car,0.3205657041838539,0.8831168831168831
vehicle.car,0.3205657041838539,0.8816855753646677
vehicle.car,0.3205657041838539,0.8802588996763754
vehicle.car,0.3211549793753683,0.8804523424878837
vehicle.car,0.3217442545668827,0.8806451612903226
vehicle.car,0.3223335297583972,0.8808373590982287
vehicle.car,0.3229228049499116,0.8810289389067524
vehicle.car,0.3235120801414261,0.8812199036918138
vehicle.car,0.3235120801414261,0.8798076923076923
vehicle.car,0.3235120801414261,0.8784
vehicle.car,0.3241013553329405,0.8785942492012779
vehicle.car,0.3246906305244549,0.8787878787878788
vehicle.car,0.3246906305244549,0.8773885350318471
vehicle.car,0.3252799057159694,0.8775834658187599
vehicle.car,0.3258691809074838,0.8777777777777778
vehicle.car,0.3258691809074838,0.8763866877971473
vehicle.car,0.3258691809074838,0.875
vehicle.car,0.3264584560989982,0.8751974723538705
vehicle.car,0.3270477312905127,0.8753943217665615
vehicle.car,0.3276370064820271,0.8755905511811024
vehicle.car,0.3276370064820271,0.8742138364779874
vehicle.car,0.32822628167354156,0.8744113029827315
vehicle.car,0.328815556865056,0.8746081504702194
vehicle.car,0.328815556865056,0.8732394366197183
vehicle.car,0.3294048320565704,0.8734375
vehicle.car,0.32999410724808487,0.8736349453978159
vehicle.car,0.3305833824395993,0.8738317757009346
vehicle.car,0.3305833824395993,0.8724727838258165
vehicle.car,0.33117265763111375,0.8726708074534162
vehicle.car,0.33176193282262817,0.8728682170542635
vehicle.car,0.3323512080141426,0.8730650154798761
vehicle.car,0.3323512080141426,0.8717156105100463
vehicle.car,0.3323512080141426,0.8703703703703703
vehicle.car,0.3323512080141426,0.8690292758089369
vehicle.car,0.33294048320565706,0.8692307692307693
vehicle.car,0.33352975839717147,0.869431643625192
vehicle.car,0.33411903358868594,0.8696319018404908
vehicle.car,0.33411903358868594,0.8683001531393568
vehicle.car,0.33470830878020036,0.8685015290519877
vehicle.car,0.33470830878020036,0.867175572519084
vehicle.car,0.33470830878020036,0.8658536585365854
vehicle.car,0.3352975839717148,0.8660578386605784
vehicle.car,0.33588685916322925,0.8662613981762918
vehicle.car,0.33588685916322925,0.8649468892261002
vehicle.car,0.33647613435474366,0.8651515151515151
vehicle.car,0.3370654095462581,0.8653555219364599
vehicle.car,0.33765468473777255,0.8655589123867069
vehicle.car,0.33765468473777255,0.8642533936651584
vehicle.car,0.33824395992928696,0.8644578313253012
vehicle.car,0.33883323512080143,0.8646616541353384
vehicle.car,0.33942251031231585,0.8648648648648649
vehicle.car,0.34001178550383027,0.8650674662668666
vehicle.car,0.34060106069534474,0.8652694610778443
vehicle.car,0.34119033588685915,0.8654708520179372
vehicle.car,0.3417796110783736,0.8656716417910447
vehicle.car,0.3417796110783736,0.8643815201192251
vehicle.car,0.3417796110783736,0.8630952380952381
vehicle.car,0.3417796110783736,0.861812778603269
vehicle.car,0.3417796110783736,0.8605341246290801
vehicle.car,0.34236888626988804,0.8607407407407407
vehicle.car,0.34295816146140246,0.8609467455621301
vehicle.car,0.3435474366529169,0.8611521418020679
vehicle.car,0.34413671184443134,0.8613569321533924
vehicle.car,0.3447259870359458,0.8615611192930781
vehicle.car,0.3447259870359458,0.8602941176470589
vehicle.car,0.3447259870359458,0.8590308370044053
vehicle.car,0.34531526222746023,0.8592375366568915
vehicle.car,0.34531526222746023,0.8579795021961932
vehicle.car,0.34531526222746023,0.8567251461988304
vehicle.car,0.34531526222746023,0.8554744525547445
vehicle.car,0.34531526222746023,0.8542274052478134
vehicle.car,0.34531526222746023,0.8529839883551674
vehicle.car,0.34590453741897464,0.8531976744186046
vehicle.car,0.34590453741897464,0.8519593613933236
vehicle.car,0.3464938126104891,0.8521739130434782
vehicle.car,0.34708308780200353,0.8523878437047757
vehicle.car,0.34767236299351795,0.8526011560693642
vehicle.car,0.3482616381850324,0.8528138528138528
vehicle.car,0.34885091337654683,0.8530259365994236
vehicle.car,0.3494401885680613,0.8532374100719424
vehicle.car,0.3494401885680613,0.8520114942528736
vehicle.car,0.3494401885680613,0.8507890961262554
vehicle.car,0.3500294637595757,0.8510028653295129
vehicle.car,0.3500294637595757,0.8497854077253219
vehicle.car,0.3500294637595757,0.8485714285714285
vehicle.car,0.35061873895109014,0.8487874465049928
vehicle.car,0.35061873895109014,0.8475783475783476
vehicle.car,0.35061873895109014,0.8463726884779517
vehicle.car,0.3512080141426046,0.8465909090909091
vehicle.car,0.3512080141426046,0.8453900709219858
vehicle.car,0.3512080141426046,0.8441926345609065
vehicle.car,0.3512080141426046,0.842998585572843
vehicle.car,0.3512080141426046,0.8418079096045198
vehicle.car,0.3512080141426046,0.840620592383639
vehicle.car,0.3512080141426046,0.8394366197183099
vehicle.car,0.3512080141426046,0.8382559774964838
vehicle.car,0.3512080141426046,0.8370786516853933
vehicle.car,0.351797289334119,0.8373071528751753
vehicle.car,0.3523865645256335,0.8375350140056023
vehicle.car,0.3523865645256335,0.8363636363636363
vehicle.car,0.3529758397171479,0.8365921787709497
vehicle.car,0.3529758397171479,0.8354253835425384
vehicle.car,0.3529758397171479,0.8342618384401114
vehicle.car,0.3535651149086623,0.8344923504867872
vehicle.car,0.3541543901001768,0.8347222222222223
vehicle.car,0.3547436652916912,0.8349514563106796
vehicle.car,0.3553329404832057,0.8351800554016621
vehicle.car,0.3553329404832057,0.8340248962655602
vehicle.car,0.3559222156747201,0.8342541436464088
vehicle.car,0.3565114908662345,0.8344827586206897
vehicle.car,0.3565114908662345,0.8333333333333334
vehicle.car,0.357100766057749,0.8335625859697386
vehicle.car,0.3576900412492634,0.8337912087912088
vehicle.car,0.3576900412492634,0.8326474622770919
vehicle.car,0.3576900412492634,0.8315068493150685
vehicle.car,0.3576900412492634,0.8303693570451436
vehicle.car,0.3576900412492634,0.8292349726775956
vehicle.car,0.3582793164407778,0.8294679399727148
vehicle.car,0.3588685916322923,0.829700272479564
vehicle.car,0.3588685916322923,0.8285714285714286
vehicle.car,0.3588685916322923,0.8274456521739131
vehicle.car,0.3588685916322923,0.8263229308005428
vehicle.car,0.3588685916322923,0.8252032520325203
vehicle.car,0.3588685916322923,0.8240866035182679
vehicle.car,0.3594578668238067,0.8243243243243243
vehicle.car,0.3594578668238067,0.8232118758434548
vehicle.car,0.3600471420153212,0.8234501347708895
vehicle.car,0.3606364172068356,0.8236877523553163
vehicle.car,0.3606364172068356,0.8225806451612904
vehicle.car,0.36122569239835,0.8228187919463087
vehicle.car,0.36122569239835,0.82171581769437
vehicle.car,0.3618149675898645,0.821954484605087
vehicle.car,0.3624042427813789,0.8221925133689839
vehicle.car,0.3624042427813789,0.8210947930574098
vehicle.car,0.3624042427813789,0.82
vehicle.car,0.3624042427813789,0.8189081225033289
vehicle.car,0.36299351797289336,0.8191489361702128
vehicle.car,0.36299351797289336,0.8180610889774237
vehicle.car,0.3635827931644078,0.8183023872679045
vehicle.car,0.3641720683559222,0.8185430463576159
vehicle.car,0.36476134354743667,0.8187830687830688
vehicle.car,0.36476134354743667,0.8177014531043593
vehicle.car,0.36476134354743667,0.816622691292876
vehicle.car,0.36476134354743667,0.8155467720685112
vehicle.car,0.36476134354743667,0.8144736842105263
vehicle.car,0.3653506187389511,0.8147174770039421
vehicle.car,0.3653506187389511,0.8136482939632546
vehicle.car,0.36593989393046555,0.8138925294888598
vehicle.car,0.36652916912197997,0.8141361256544503
vehicle.car,0.36652916912197997,0.8130718954248366
vehicle.car,0.36652916912197997,0.8120104438642297
vehicle.car,0.36652916912197997,0.8109517601043025
vehicle.car,0.3671184443134944,0.8111979166666666
vehicle.car,0.3671184443134944,0.8101430429128739
vehicle.car,0.36770771950500886,0.8103896103896104
vehicle.car,0.36829699469652327,0.8106355382619974
vehicle.car,0.3688862698880377,0.810880829015544
vehicle.car,0.3688862698880377,0.8098318240620958
vehicle.car,0.3688862698880377,0.8087855297157622
vehicle.car,0.3688862698880377,0.807741935483871
vehicle.car,0.36947554507955216,0.8079896907216495
vehicle.car,0.36947554507955216,0.806949806949807
vehicle.car,0.36947554507955216,0.8059125964010283
vehicle.car,0.36947554507955216,0.8048780487804879
vehicle.car,0.36947554507955216,0.8038461538461539
vehicle.car,0.36947554507955216,0.8028169014084507
vehicle.car,0.36947554507955216,0.8017902813299232
vehicle.car,0.36947554507955216,0.8007662835249042
vehicle.car,0.3700648202710666,0.8010204081632653
vehicle.car,0.3700648202710666,0.8
vehicle.car,0.37065409546258105,0.8002544529262087
vehicle.car,0.37065409546258105,0.7992376111817027
vehicle.car,0.37124337065409546,0.799492385786802
vehicle.car,0.37124337065409546,0.7984790874524715
vehicle.car,0.3718326458456099,0.7987341772151899
vehicle.car,0.37242192103712435,0.7989886219974716
vehicle.car,0.37242192103712435,0.797979797979798
vehicle.car,0.37242192103712435,0.7969735182849937
vehicle.car,0.37301119622863876,0.7972292191435768
vehicle.car,0.37360047142015324,0.7974842767295598
vehicle.car,0.37418974661166765,0.7977386934673367
vehicle.car,0.37477902180318207,0.7979924717691342
vehicle.car,0.37477902180318207,0.7969924812030075
vehicle.car,0.37477902180318207,0.7959949937421777
vehicle.car,0.37536829699469654,0.79625
vehicle.car,0.37536829699469654,0.7952559300873908
vehicle.car,0.37536829699469654,0.7942643391521197
vehicle.car,0.37595757218621095,0.7945205479452054
vehicle.car,0.37595757218621095,0.7935323383084577
vehicle.car,0.3765468473777254,0.7937888198757764
vehicle.car,0.37713612256923984,0.794044665012407
vehicle.car,0.37772539776075426,0.7942998760842627
vehicle.car,0.37772539776075426,0.7933168316831684
vehicle.car,0.3783146729522687,0.7935723114956736
vehicle.car,0.37890394814378314,0.7938271604938272
vehicle.car,0.37949322333529756,0.7940813810110974
vehicle.car,0.37949322333529756,0.7931034482758621
vehicle.car,0.38008249852681203,0.7933579335793358
vehicle.car,0.38008249852681203,0.7923832923832924
vehicle.car,0.38067177371832644,0.7926380368098159
vehicle.car,0.38067177371832644,0.7916666666666666
vehicle.car,0.3812610489098409,0.791921664626683
vehicle.car,0.3812610489098409,0.7909535452322738
vehicle.car,0.3812610489098409,0.78998778998779
vehicle.car,0.3812610489098409,0.7890243902439025
vehicle.car,0.38185032410135533,0.7892813641900122
vehicle.car,0.38243959929286975,0.7895377128953771
vehicle.car,0.38243959929286975,0.7885783718104495
vehicle.car,0.38243959929286975,0.787621359223301
vehicle.car,0.3830288744843842,0.7878787878787878
vehicle.car,0.38361814967589863,0.788135593220339
vehicle.car,0.3842074248674131,0.788391777509069
vehicle.car,0.3842074248674131,0.7874396135265701
vehicle.car,0.3842074248674131,0.7864897466827503
vehicle.car,0.3847967000589275,0.7867469879518072
vehicle.car,0.3847967000589275,0.7858002406738869
vehicle.car,0.38538597525044194,0.7860576923076923
vehicle.car,0.3859752504419564,0.7863145258103241
vehicle.car,0.3865645256334708,0.7865707434052758
vehicle.car,0.3871538008249853,0.7868263473053893
vehicle.car,0.3877430760164997,0.7870813397129187
vehicle.car,0.3883323512080141,0.7873357228195937
vehicle.car,0.3883323512080141,0.7863961813842482
vehicle.car,0.3889216263995286,0.7866507747318237
vehicle.car,0.3889216263995286,0.7857142857142857
vehicle.car,0.3889216263995286,0.7847800237812128
vehicle.car,0.389510901591043,0.7850356294536817
vehicle.car,0.389510901591043,0.7841043890865955
vehicle.car,0.389510901591043,0.783175355450237
vehicle.car,0.389510901591043,0.7822485207100591
vehicle.car,0.389510901591043,0.7813238770685579
vehicle.car,0.39010017678255743,0.781582054309327
vehicle.car,0.3906894519740719,0.7818396226415094
vehicle.car,0.3906894519740719,0.7809187279151943
vehicle.car,0.3906894519740719,0.78
vehicle.car,0.3906894519740719,0.7790834312573442
vehicle.car,0.3906894519740719,0.778169014084507
vehicle.car,0.3912787271655863,0.7784290738569754
vehicle.car,0.3918680023571008,0.7786885245901639
vehicle.car,0.3924572775486152,0.7789473684210526
vehicle.car,0.3930465527401296,0.7792056074766355
vehicle.car,0.3930465527401296,0.7782963827304551
vehicle.car,0.3936358279316441,0.7785547785547785
vehicle.car,0.3936358279316441,0.7776484284051223
vehicle.car,0.3936358279316441,0.7767441860465116
vehicle.car,0.3936358279316441,0.775842044134727
vehicle.car,0.3936358279316441,0.7749419953596288
vehicle.car,0.3936358279316441,0.7740440324449595
vehicle.car,0.3942251031231585,0.7743055555555556
vehicle.car,0.394814378314673,0.7745664739884393
vehicle.car,0.394814378314673,0.7736720554272517
vehicle.car,0.394814378314673,0.7727797001153403
vehicle.car,0.3954036535061874,0.7730414746543779
vehicle.car,0.3959929286977018,0.7733026467203682
vehicle.car,0.3959929286977018,0.7724137931034483
vehicle.car,0.3959929286977018,0.7715269804822044
vehicle.car,0.3965822038892163,0.7717889908256881
vehicle.car,0.3965822038892163,0.7709049255441008
vehicle.car,0.3971714790807307,0.7711670480549199
vehicle.car,0.39776075427224517,0.7714285714285715
vehicle.car,0.3983500294637596,0.771689497716895
vehicle.car,0.3983500294637596,0.7708095781071835
vehicle.car,0.3983500294637596,0.7699316628701595
vehicle.car,0.3983500294637596,0.7690557451649602
vehicle.car,0.398939304655274,0.7693181818181818
vehicle.car,0.398939304655274,0.7684449489216799
vehicle.car,0.39952857984678847,0.7687074829931972
vehicle.car,0.4001178550383029,0.768969422423556
vehicle.car,0.4007071302298173,0.7692307692307693
vehicle.car,0.4007071302298173,0.768361581920904
vehicle.car,0.4007071302298173,0.7674943566591422
vehicle.car,0.40129640542133177,0.7677564825253664
vehicle.car,0.4018856806128462,0.7680180180180181
vehicle.car,0.4018856806128462,0.7671541057367829
vehicle.car,0.4018856806128462,0.7662921348314606
vehicle.car,0.4018856806128462,0.7654320987654321
vehicle.car,0.4018856806128462,0.7645739910313901
vehicle.car,0.40247495580436066,0.7648376259798432
vehicle.car,0.40247495580436066,0.7639821029082774
vehicle.car,0.4030642309958751,0.7642458100558659
vehicle.car,0.4036535061873895,0.7645089285714286
vehicle.car,0.4036535061873895,0.7636566332218506
vehicle.car,0.4036535061873895,0.7628062360801782
vehicle.car,0.40424278137890396,0.7630700778642937
vehicle.car,0.40424278137890396,0.7622222222222222
vehicle.car,0.4048320565704184,0.7624861265260822
vehicle.car,0.40542133176193285,0.7627494456762749
vehicle.car,0.40542133176193285,0.7619047619047619
vehicle.car,0.40542133176193285,0.7610619469026548
vehicle.car,0.40542133176193285,0.7602209944751381
vehicle.car,0.40542133176193285,0.7593818984547461
vehicle.car,0.40601060695344726,0.7596471885336273
vehicle.car,0.40601060695344726,0.7588105726872246
vehicle.car,0.40601060695344726,0.757975797579758
vehicle.car,0.40601060695344726,0.7571428571428571
vehicle.car,0.4065998821449617,0.7574094401756312
vehicle.car,0.40718915733647615,0.7576754385964912
vehicle.car,0.40718915733647615,0.7568455640744798
vehicle.car,0.40718915733647615,0.7560175054704595
vehicle.car,0.40718915733647615,0.7551912568306011
vehicle.car,0.40718915733647615,0.7543668122270742
vehicle.car,0.40718915733647615,0.7535441657579062
vehicle.car,0.40777843252799056,0.7538126361655774
vehicle.car,0.40777843252799056,0.7529923830250272
vehicle.car,0.40836770771950504,0.7532608695652174
vehicle.car,0.40836770771950504,0.752442996742671
vehicle.car,0.40836770771950504,0.7516268980477223
vehicle.car,0.40895698291101945,0.7518959913326111
vehicle.car,0.40954625810253387,0.7521645021645021
vehicle.car,0.40954625810253387,0.7513513513513513
vehicle.car,0.40954625810253387,0.7505399568034558
vehicle.car,0.40954625810253387,0.749730312837109
vehicle.car,0.40954625810253387,0.7489224137931034
vehicle.car,0.41013553329404834,0.7491926803013994
vehicle.car,0.41013553329404834,0.7483870967741936
vehicle.car,0.41013553329404834,0.7475832438238453
vehicle.car,0.41072480848556275,0.7478540772532188
vehicle.car,0.41131408367707717,0.7481243301178992
vehicle.car,0.41131408367707717,0.7473233404710921
vehicle.car,0.41190335886859164,0.7475935828877005
vehicle.car,0.41249263406010606,0.7478632478632479
vehicle.car,0.4130819092516205,0.7481323372465315
vehicle.car,0.41367118444313494,0.7484008528784648
vehicle.car,0.41367118444313494,0.7476038338658147
vehicle.car,0.41367118444313494,0.7468085106382979
vehicle.car,0.41426045963464936,0.7470775770456961
vehicle.car,0.41484973482616383,0.7473460721868365
vehicle.car,0.41484973482616383,0.7465535524920467
vehicle.car,0.41543901001767825,0.746822033898305
vehicle.car,0.41543901001767825,0.746031746031746
vehicle.car,0.41543901001767825,0.7452431289640592
vehicle.car,0.41543901001767825,0.7444561774023232
vehicle.car,0.41543901001767825,0.7436708860759493
vehicle.car,0.41543901001767825,0.7428872497365648
vehicle.car,0.41543901001767825,0.7421052631578947
vehicle.car,0.41543901001767825,0.7413249211356467
vehicle.car,0.4160282852091927,0.7415966386554622
vehicle.car,0.4160282852091927,0.7408184679958028
vehicle.car,0.41661756040070713,0.7410901467505241
vehicle.car,0.41720683559222155,0.7413612565445026
vehicle.car,0.41720683559222155,0.7405857740585774
vehicle.car,0.41720683559222155,0.7398119122257053
vehicle.car,0.41720683559222155,0.7390396659707724
vehicle.car,0.41720683559222155,0.7382690302398331
vehicle.car,0.41720683559222155,0.7375
vehicle.car,0.41720683559222155,0.736732570239334
vehicle.car,0.417796110783736,0.737006237006237
vehicle.car,0.417796110783736,0.7362409138110073
vehicle.car,0.41838538597525043,0.7365145228215768
vehicle.car,0.4189746611667649,0.7367875647668394
vehicle.car,0.4195639363582793,0.7370600414078675
vehicle.car,0.42015321154979374,0.7373319544984488
vehicle.car,0.42015321154979374,0.7365702479338843
vehicle.car,0.42015321154979374,0.7358101135190919
vehicle.car,0.42015321154979374,0.7350515463917526
vehicle.car,0.42015321154979374,0.7342945417095778
vehicle.car,0.42015321154979374,0.7335390946502057
vehicle.car,0.4207424867413082,0.7338129496402878
vehicle.car,0.4207424867413082,0.7330595482546202
vehicle.car,0.4207424867413082,0.7323076923076923
vehicle.car,0.4207424867413082,0.7315573770491803
vehicle.car,0.4207424867413082,0.7308085977482088
vehicle.car,0.4207424867413082,0.7300613496932515
vehicle.car,0.4213317619328226,0.7303370786516854
vehicle.car,0.4213317619328226,0.7295918367346939
vehicle.car,0.42192103712433704,0.7298674821610601
vehicle.car,0.4225103123158515,0.730142566191446
vehicle.car,0.4230995875073659,0.7304170905391658
vehicle.car,0.4230995875073659,0.7296747967479674
vehicle.car,0.4230995875073659,0.7289340101522843
vehicle.car,0.4230995875073659,0.7281947261663286
vehicle.car,0.4230995875073659,0.7274569402228976
vehicle.car,0.4230995875073659,0.7267206477732794
vehicle.car,0.4230995875073659,0.7259858442871587
vehicle.car,0.4230995875073659,0.7252525252525253
vehicle.car,0.4230995875073659,0.7245206861755802
vehicle.car,0.4230995875073659,0.7237903225806451
vehicle.motorcycle,0.0,0.0
vehicle.motorcycle,0.03571428571428571,0.5
vehicle.motorcycle,0.03571428571428571,0.3333333333333333
vehicle.motorcycle,0.03571428571428571,0.25
vehicle.motorcycle,0.07142857142857142,0.4
vehicle.motorcycle,0.07142857142857142,0.3333333333333333
vehicle.motorcycle,0.10714285714285714,0.42857142857142855
vehicle.motorcycle,0.10714285714285714,0.375
vehicle.motorcycle,0.10714285714285714,0.3333333333333333
vehicle.motorcycle,0.10714285714285714,0.3
vehicle.motorcycle,0.14285714285714285,0.36363636363636365
vehicle.trailer,0,0
vehicle.truck,0.002079002079002079,1.0
vehicle.truck,0.004158004158004158,1.0
vehicle.truck,0.006237006237006237,1.0
vehicle.truck,0.008316008316008316,1.0
vehicle.truck,0.010395010395010396,1.0
vehicle.truck,0.012474012474012475,1.0
vehicle.truck,0.014553014553014554,1.0
vehicle.truck,0.016632016632016633,1.0
vehicle.truck,0.018711018711018712,1.0
vehicle.truck,0.02079002079002079,1.0
vehicle.truck,0.02286902286902287,1.0
vehicle.truck,0.02494802494802495,1.0
vehicle.truck,0.02702702702702703,1.0
vehicle.truck,0.029106029106029108,1.0
vehicle.truck,0.031185031185031187,1.0
vehicle.truck,0.033264033264033266,1.0
vehicle.truck,0.035343035343035345,1.0
vehicle.truck,0.037422037422037424,1.0
vehicle.truck,0.0395010395010395,1.0
vehicle.truck,0.04158004158004158,1.0
vehicle.truck,0.04365904365904366,1.0
vehicle.truck,0.04573804573804574,1.0
vehicle.truck,0.04781704781704782,1.0
vehicle.truck,0.0498960498960499,1.0
vehicle.truck,0.05197505197505198,1.0
vehicle.truck,0.05405405405405406,1.0
vehicle.truck,0.05405405405405406,0.9629629629629629
vehicle.truck,0.056133056133056136,0.9642857142857143
vehicle.truck,0.058212058212058215,0.9655172413793104
vehicle.truck,0.058212058212058215,0.9333333333333333
vehicle.truck,0.060291060291060294,0.9354838709677419
vehicle.truck,0.060291060291060294,0.90625
vehicle.truck,0.062370062370062374,0.9090909090909091
vehicle.truck,0.062370062370062374,0.8823529411764706
vehicle.truck,0.062370062370062374,0.8571428571428571
vehicle.truck,0.062370062370062374,0.8333333333333334
vehicle.truck,0.06444906444906445,0.8378378378378378
vehicle.truck,0.06652806652806653,0.8421052631578947
vehicle.truck,0.06860706860706861,0.8461538461538461
vehicle.truck,0.07068607068607069,0.85
vehicle.truck,0.07068607068607069,0.8292682926829268
vehicle.truck,0.07276507276507277,0.8333333333333334
vehicle.truck,0.07276507276507277,0.813953488372093
vehicle.truck,0.07276507276507277,0.7954545454545454
vehicle.truck,0.07276507276507277,0.7777777777777778
vehicle.truck,0.07484407484407485,0.782608695652174
vehicle.truck,0.07692307692307693,0.7872340425531915
vehicle.truck,0.07692307692307693,0.7708333333333334
vehicle.truck,0.07692307692307693,0.7551020408163265
vehicle.truck,0.079002079002079,0.76
vehicle.truck,0.079002079002079,0.7450980392156863
vehicle.truck,0.08108108108108109,0.75
vehicle.truck,0.08316008316008316,0.7547169811320755
vehicle.truck,0.08316008316008316,0.7407407407407407
vehicle.truck,0.08523908523908524,0.7454545454545455
vehicle.truck,0.08731808731808732,0.75
vehicle.truck,0.08731808731808732,0.7368421052631579
vehicle.truck,0.08731808731808732,0.7241379310344828
vehicle.truck,0.08731808731808732,0.711864406779661
vehicle.truck,0.0893970893970894,0.7166666666666667
vehicle.truck,0.09147609147609148,0.7213114754098361
vehicle.truck,0.09355509355509356,0.7258064516129032
vehicle.truck,0.09563409563409564,0.7301587301587301
vehicle.truck,0.09771309771309772,0.734375
vehicle.truck,0.09771309771309772,0.7230769230769231
vehicle.truck,0.0997920997920998,0.7272727272727273
vehicle.truck,0.10187110187110188,0.7313432835820896
vehicle.truck,0.10187110187110188,0.7205882352941176
vehicle.truck,0.10187110187110188,0.7101449275362319
vehicle.truck,0.10395010395010396,0.7142857142857143
vehicle.truck,0.10602910602910603,0.7183098591549296
vehicle.truck,0.10810810810810811,0.7222222222222222
vehicle.truck,0.1101871101871102,0.726027397260274
vehicle.truck,0.11226611226611227,0.7297297297297297
vehicle.truck,0.11226611226611227,0.72
vehicle.truck,0.11226611226611227,0.7105263157894737
vehicle.truck,0.11226611226611227,0.7012987012987013
vehicle.truck,0.11434511434511435,0.7051282051282052
vehicle.truck,0.11642411642411643,0.7088607594936709
vehicle.truck,0.11850311850311851,0.7125
vehicle.truck,0.12058212058212059,0.7160493827160493
vehicle.truck,0.12266112266112267,0.7195121951219512
vehicle.truck,0.12266112266112267,0.7108433734939759
vehicle.truck,0.12266112266112267,0.7023809523809523
vehicle.truck,0.12266112266112267,0.6941176470588235
vehicle.truck,0.12266112266112267,0.686046511627907
vehicle.truck,0.12474012474012475,0.6896551724137931
vehicle.truck,0.12681912681912683,0.6931818181818182
vehicle.truck,0.12681912681912683,0.6853932584269663
vehicle.truck,0.1288981288981289,0.6888888888888889
vehicle.truck,0.13097713097713098,0.6923076923076923
vehicle.truck,0.13097713097713098,0.6847826086956522
vehicle.truck,0.13097713097713098,0.6774193548387096
vehicle.truck,0.13305613305613306,0.6808510638297872
vehicle.truck,0.13305613305613306,0.6736842105263158
vehicle.truck,0.13305613305613306,0.6666666666666666
vehicle.truck,0.13513513513513514,0.6701030927835051
vehicle.truck,0.13721413721413722,0.673469387755102
vehicle.truck,0.13721413721413722,0.6666666666666666
vehicle.truck,0.13721413721413722,0.66
vehicle.truck,0.13721413721413722,0.6534653465346535
vehicle.truck,0.1392931392931393,0.6568627450980392
vehicle.truck,0.1392931392931393,0.6504854368932039
vehicle.truck,0.1392931392931393,0.6442307692307693
vehicle.truck,0.1392931392931393,0.638095238095238
vehicle.truck,0.1392931392931393,0.6320754716981132
vehicle.truck,0.14137214137214138,0.6355140186915887
vehicle.truck,0.14345114345114346,0.6388888888888888
vehicle.truck,0.14345114345114346,0.6330275229357798
vehicle.truck,0.14553014553014554,0.6363636363636364
vehicle.truck,0.14553014553014554,0.6306306306306306
vehicle.truck,0.14760914760914762,0.6339285714285714
vehicle.truck,0.14760914760914762,0.6283185840707964
vehicle.truck,0.1496881496881497,0.631578947368421
vehicle.truck,0.1496881496881497,0.6260869565217392
vehicle.truck,0.15176715176715178,0.6293103448275862
vehicle.truck,0.15176715176715178,0.6239316239316239
vehicle.truck,0.15176715176715178,0.6186440677966102
vehicle.truck,0.15176715176715178,0.6134453781512605
vehicle.truck,0.15384615384615385,0.6166666666666667
vehicle.truck,0.15384615384615385,0.6115702479338843
vehicle.truck,0.15384615384615385,0.6065573770491803
vehicle.truck,0.15592515592515593,0.6097560975609756
vehicle.truck,0.15592515592515593,0.6048387096774194
vehicle.truck,0.15592515592515593,0.6
vehicle.truck,0.158004158004158,0.6031746031746031
vehicle.truck,0.158004158004158,0.5984251968503937
vehicle.truck,0.158004158004158,0.59375
vehicle.truck,0.158004158004158,0.5891472868217055
vehicle.truck,0.1600831600831601,0.5923076923076923
vehicle.truck,0.1600831600831601,0.5877862595419847
vehicle.truck,0.16216216216216217,0.5909090909090909
vehicle.truck,0.16424116424116425,0.5939849624060151
vehicle.truck,0.16424116424116425,0.5895522388059702
vehicle.truck,0.16424116424116425,0.5851851851851851
vehicle.truck,0.16632016632016633,0.5882352941176471
vehicle.truck,0.1683991683991684,0.5912408759124088
vehicle.truck,0.1683991683991684,0.5869565217391305
vehicle.truck,0.1683991683991684,0.5827338129496403
vehicle.truck,0.1683991683991684,0.5785714285714286
vehicle.truck,0.1704781704781705,0.5815602836879432
vehicle.truck,0.1704781704781705,0.5774647887323944
